{
  "project_info": {
    "project_number": "866633223886",
    "project_id": "malvern-ride-app",
    "storage_bucket": "malvern-ride-app.appspot.com"
  },
  "client": [
    {
      "client_info": {
        "mobilesdk_app_id": "1:866633223886:android:7201c5a2b5e52ae1b1ca9f",
        "android_client_info": {
          "package_name": "Malvern.Ride.App"
        }
      },
      "oauth_client": [
        {
          "client_id": "866633223886-cstl0rno8e189v80p06mmahcmv37pbpn.apps.googleusercontent.com",
          "client_type": 3
        }
      ],
      "api_key": [
        {
          "current_key": "AIzaSyBi4B4ChS9YTWPeXOUBPEC1oeG45ABPSyg"
        }
      ],
      "services": {
        "appinvite_service": {
          "other_platform_oauth_client": [
            {
              "client_id": "866633223886-cstl0rno8e189v80p06mmahcmv37pbpn.apps.googleusercontent.com",
              "client_type": 3
            }
          ]
        }
      }
    },
    {
      "client_info": {
        "mobilesdk_app_id": "1:866633223886:android:e72addb508ca97c0b1ca9f",
        "android_client_info": {
          "package_name": "com.malvern"
        }
      },
      "oauth_client": [
        {
          "client_id": "866633223886-qu8bfvfq85o0kkgjh081h21rmsqma3re.apps.googleusercontent.com",
          "client_type": 1,
          "android_info": {
            "package_name": "com.malvern",
            "certificate_hash": "5e8f16062ea3cd2c4a0d547876baa6f38cabf625"
          }
        },
        {
          "client_id": "866633223886-cstl0rno8e189v80p06mmahcmv37pbpn.apps.googleusercontent.com",
          "client_type": 3
        }
      ],
      "api_key": [
        {
          "current_key": "AIzaSyBi4B4ChS9YTWPeXOUBPEC1oeG45ABPSyg"
        }
      ],
      "services": {
        "appinvite_service": {
          "other_platform_oauth_client": [
            {
              "client_id": "866633223886-cstl0rno8e189v80p06mmahcmv37pbpn.apps.googleusercontent.com",
              "client_type": 3
            }
          ]
        }
      }
    }
  ],
  "configuration_version": "1"
}